<?xml version="1.0" encoding="UTF-8"?>
<project-private xmlns="http://www.netbeans.org/ns/project-private/1">
    <editor-bookmarks xmlns="http://www.netbeans.org/ns/editor-bookmarks/2" lastBookmarkId="0"/>
    <open-files xmlns="http://www.netbeans.org/ns/projectui-open-files/2">
        <group>
            <file>file:/C:/xampp/htdocs/BE31/index.php</file>
            <file>file:/C:/xampp/htdocs/BE31/includes/Book.inc.php</file>
            <file>file:/C:/xampp/htdocs/BE31/includes/LiveLecture.inc.php</file>
        </group>
    </open-files>
</project-private>
